{
  "prepare_queue": {
    "installed": [],
    "uninstalled": []
  },
  "config_munge": {
    "files": {
      "config.xml": {
        "parents": {
          "/*": [
            {
              "xml": "<feature name=\"ApiAIPlugin\"><param name=\"android-package\" value=\"ai.api.ApiAiPlugin\" /></feature>",
              "count": 1
            },
            {
              "xml": "<feature name=\"Keyboard\"><param name=\"android-package\" onload=\"true\" value=\"io.ionic.keyboard.IonicKeyboard\" /></feature>",
              "count": 1
            }
          ]
        }
      },
      "AndroidManifest.xml": {
        "parents": {
          "/manifest": [
            {
              "xml": "<uses-permission android:name=\"android.permission.INTERNET\" />",
              "count": 1
            },
            {
              "xml": "<uses-permission android:name=\"android.permission.RECORD_AUDIO\" />",
              "count": 1
            }
          ]
        }
      },
      "res/xml/config.xml": {
        "parents": {
          "widget": [
            {
              "xml": "<feature name=\"ApiAIPlugin\"><param name=\"android-package\" value=\"ai.api.ApiAiPlugin\" /></feature>",
              "count": 1
            }
          ],
          "/*": [
            {
              "xml": "<feature name=\"Device\"><param name=\"android-package\" value=\"org.apache.cordova.device.Device\" /></feature>",
              "count": 1
            },
            {
              "xml": "<feature name=\"SplashScreen\"><param name=\"android-package\" value=\"org.apache.cordova.splashscreen.SplashScreen\" /><param name=\"onload\" value=\"true\" /></feature>",
              "count": 1
            },
            {
              "xml": "<feature name=\"Whitelist\"><param name=\"android-package\" value=\"org.apache.cordova.whitelist.WhitelistPlugin\" /><param name=\"onload\" value=\"true\" /></feature>",
              "count": 1
            }
          ]
        }
      }
    }
  },
  "installed_plugins": {
    "cordova-plugin-apiai": {
      "PACKAGE_NAME": "io.ionic.starter"
    },
    "cordova-plugin-device": {
      "PACKAGE_NAME": "io.ionic.starter"
    },
    "cordova-plugin-ionic-keyboard": {
      "PACKAGE_NAME": "io.ionic.starter"
    },
    "cordova-plugin-splashscreen": {
      "PACKAGE_NAME": "io.ionic.starter"
    },
    "cordova-plugin-whitelist": {
      "PACKAGE_NAME": "io.ionic.starter"
    }
  },
  "dependent_plugins": {},
  "modules": [
    {
      "id": "cordova-plugin-apiai.Q",
      "file": "plugins/cordova-plugin-apiai/www/lib/q.js",
      "pluginId": "cordova-plugin-apiai",
      "runs": true
    },
    {
      "id": "cordova-plugin-apiai.ApiAIPlugin",
      "file": "plugins/cordova-plugin-apiai/www/ApiAIPlugin.js",
      "pluginId": "cordova-plugin-apiai",
      "clobbers": [
        "window.ApiAIPlugin"
      ]
    },
    {
      "id": "cordova-plugin-apiai.ApiAIPromises",
      "file": "plugins/cordova-plugin-apiai/www/ApiAIPromises.js",
      "pluginId": "cordova-plugin-apiai",
      "clobbers": [
        "window.ApiAIPromises"
      ]
    },
    {
      "id": "cordova-plugin-device.device",
      "file": "plugins/cordova-plugin-device/www/device.js",
      "pluginId": "cordova-plugin-device",
      "clobbers": [
        "device"
      ]
    },
    {
      "id": "cordova-plugin-ionic-keyboard.keyboard",
      "file": "plugins/cordova-plugin-ionic-keyboard/www/android/keyboard.js",
      "pluginId": "cordova-plugin-ionic-keyboard",
      "clobbers": [
        "window.Keyboard"
      ]
    },
    {
      "id": "cordova-plugin-splashscreen.SplashScreen",
      "file": "plugins/cordova-plugin-splashscreen/www/splashscreen.js",
      "pluginId": "cordova-plugin-splashscreen",
      "clobbers": [
        "navigator.splashscreen"
      ]
    }
  ],
  "plugin_metadata": {
    "cordova-plugin-apiai": "1.7.4",
    "cordova-plugin-device": "2.0.2",
    "cordova-plugin-ionic-keyboard": "2.1.2",
    "cordova-plugin-splashscreen": "5.0.2",
    "cordova-plugin-whitelist": "1.3.3"
  }
}